archivo,clase
Avenida Pedro Blanes Viale 5925 7.m4a,1
WhatsApp Audio 2025-11-14 at 17.28.28.opus,1
Avenida Pedro Blanes Viale 5925 6.m4a,1
Avenida Pedro Blanes Viale 5925 4.m4a,1
WhatsApp Audio 2025-11-14 at 17.28.24.opus,1
Avenida Pedro Blanes Viale 5925 5.m4a,1
WhatsApp Audio 2025-11-14 at 21.51.51.opus,1
WhatsApp Audio 2025-11-15 at 09.14.23.opus,1
WhatsApp Audio 2025-11-14 at 16.45.52.opus,1
WhatsApp Audio 2025-11-14 at 18.36.07.opus,1
WhatsApp Audio 2025-11-14 at 18.34.41.opus,1
WhatsApp Audio 2025-11-14 at 18.33.32.opus,1
WhatsApp Audio 2025-11-14 at 18.35.37.opus,1
WhatsApp Audio 2025-11-14 at 18.33.49.opus,1
WhatsApp Audio 2025-11-14 at 17.28.05.opus,1
WhatsApp Audio 2025-11-14 at 18.36.00.opus,1
WhatsApp Audio 2025-11-14 at 17.29.19.opus,1
WhatsApp Audio 2025-11-14 at 18.35.06.opus,1
PJ_8.m4a,1
WhatsApp Audio 2025-11-14 at 17.29.14.opus,1
PJ_18.m4a,1
WhatsApp Audio 2025-11-14 at 18.35.31.opus,1
PJ_9.m4a,1
WhatsApp Audio 2025-11-14 at 21.52.11.opus,1
WhatsApp Audio 2025-11-14 at 16.40.16.opus,1
WhatsApp Audio 2025-11-14 at 18.36.14.opus,1
PJ_7.m4a,1
PJ_16.m4a,1
PJ_17.m4a,1
WhatsApp Audio 2025-11-14 at 21.51.38.opus,1
WhatsApp Audio 2025-11-14 at 18.34.13.opus,1
WhatsApp Audio 2025-11-14 at 18.34.05.opus,1
WhatsApp Audio 2025-11-15 at 12.36.58 (1).opus,1
PJ_6.m4a,1
WhatsApp Audio 2025-11-14 at 17.46.39.opus,1
WhatsApp Audio 2025-11-15 at 12.36.58.opus,1
WhatsApp Audio 2025-11-14 at 21.51.59.opus,1
PJ_4.m4a,1
WhatsApp Audio 2025-11-14 at 18.33.37.opus,1
WhatsApp Audio 2025-11-14 at 20.08.33.opus,1
PJ_15.m4a,1
PJ_14.m4a,1
WhatsApp Audio 2025-11-14 at 21.51.34.opus,1
WhatsApp Audio 2025-11-14 at 18.34.48.opus,1
PJ_5.m4a,1
PJ_1.m4a,1
WhatsApp Audio 2025-11-14 at 18.35.25.opus,1
WhatsApp Audio 2025-11-14 at 16.59.02.opus,1
PJ_10.m4a,1
PJ_11.m4a,1
WhatsApp Audio 2025-11-14 at 18.35.48.opus,1
WhatsApp Audio 2025-11-14 at 18.36.19.opus,1
WhatsApp Audio 2025-11-15 at 12.36.59.opus,1
PJ_2.m4a,1
WhatsApp Audio 2025-11-14 at 18.34.53.opus,1
WhatsApp Audio 2025-11-14 at 18.33.57.opus,1
PJ_13.m4a,1
PJ_12.m4a,1
PJ_3.m4a,1
WhatsApp Audio 2025-11-14 at 18.34.28.opus,1
WhatsApp Audio 2025-11-14 at 18.34.19.opus,1
WhatsApp Audio 2025-11-14 at 17.02.52.opus,1
WhatsApp Audio 2025-11-14 at 16.59.33.opus,1
WhatsApp Audio 2025-11-14 at 18.35.14.opus,1
WhatsApp Audio 2025-11-14 at 16.53.54.opus,1
WhatsApp Audio 2025-11-14 at 21.51.28.opus,1
Avenida Pedro Blanes Viale 5925 8.m4a,1
WhatsApp Audio 2025-11-14 at 17.27.55.opus,1
WhatsApp Audio 2025-11-14 at 16.58.09.opus,1
WhatsApp Audio 2025-11-14 at 18.35.42.opus,1
WhatsApp Audio 2025-11-14 at 21.52.03.opus,1
WhatsApp Audio 2025-11-14 at 18.35.54.opus,1
WhatsApp Audio 2025-11-14 at 18.34.59.opus,1
WhatsApp Audio 2025-11-14 at 18.34.34.opus,1
WhatsApp Audio 2025-11-14 at 18.35.19.opus,1
WhatsApp Audio 2025-11-14 at 17.27.59.opus,1
WhatsApp Audio 2025-11-14 at 17.44.35.opus,1
WhatsApp Audio 2025-11-14 at 18.41.33.opus,0
WhatsApp Audio 2025-11-14 at 18.45.27.opus,0
WhatsApp Audio 2025-11-14 at 21.57.42.opus,0
WhatsApp Audio 2025-11-14 at 21.52.57.opus,0
WhatsApp Audio 2025-11-14 at 18.44.51.opus,0
WhatsApp Audio 2025-11-14 at 21.52.40.opus,0
WhatsApp Audio 2025-11-14 at 17.46.10.opus,0
WhatsApp Audio 2025-11-14 at 18.41.28.opus,0
WhatsApp Audio 2025-11-14 at 18.44.46.opus,0
WhatsApp Audio 2025-11-15 at 12.37.27.opus,0
WhatsApp Audio 2025-11-14 at 18.41.45.opus,0
WhatsApp Audio 2025-11-14 at 21.57.55.opus,0
WhatsApp Audio 2025-11-14 at 21.53.16.opus,0
WhatsApp Audio 2025-11-15 at 12.37.11 (1).opus,0
WhatsApp Audio 2025-11-15 at 12.37.11.opus,0
NJ_8.m4a,0
NJ_9.m4a,0
WhatsApp Audio 2025-11-14 at 21.59.51.opus,0
WhatsApp Audio 2025-11-14 at 21.52.37.opus,0
WhatsApp Audio 2025-11-14 at 18.41.15.opus,0
WhatsApp Audio 2025-11-14 at 21.52.51.opus,0
WhatsApp Audio 2025-11-14 at 18.44.41.opus,0
WhatsApp Audio 2025-11-14 at 21.52.47.opus,0
WhatsApp Audio 2025-11-14 at 21.59.37.opus,0
WhatsApp Audio 2025-11-14 at 21.56.32.opus,0
WhatsApp Audio 2025-11-14 at 18.42.33.opus,0
WhatsApp Audio 2025-11-14 at 18.43.08.opus,0
WhatsApp Audio 2025-11-14 at 18.41.22.opus,0
WhatsApp Audio 2025-11-14 at 21.57.08.opus,0
WhatsApp Audio 2025-11-14 at 18.42.28.opus,0
WhatsApp Audio 2025-11-14 at 18.41.55.opus,0
WhatsApp Audio 2025-11-14 at 18.42.53.opus,0
WhatsApp Audio 2025-11-14 at 18.44.02.opus,0
WhatsApp Audio 2025-11-14 at 21.58.18.opus,0
WhatsApp Audio 2025-11-14 at 18.42.46.opus,0
WhatsApp Audio 2025-11-14 at 20.08.52.opus,0
WhatsApp Audio 2025-11-14 at 18.44.34.opus,0
WhatsApp Audio 2025-11-14 at 18.44.22.opus,0
WhatsApp Audio 2025-11-14 at 21.59.43.opus,0
WhatsApp Audio 2025-11-14 at 21.56.27.opus,0
WhatsApp Audio 2025-11-14 at 21.53.08.opus,0
WhatsApp Audio 2025-11-14 at 18.44.58.opus,0
WhatsApp Audio 2025-11-14 at 18.45.22.opus,0
WhatsApp Audio 2025-11-14 at 21.53.12.opus,0
WhatsApp Audio 2025-11-14 at 18.41.41.opus,0
WhatsApp Audio 2025-11-14 at 22.00.15.opus,0
WhatsApp Audio 2025-11-14 at 18.44.15.opus,0
NJ_13.m4a,0
WhatsApp Audio 2025-11-14 at 18.45.33.opus,0
NJ_4.m4a,0
NJ_5.m4a,0
NJ_12.m4a,0
WhatsApp Audio 2025-11-14 at 21.52.43.opus,0
NJ_10.m4a,0
NJ_7.m4a,0
NJ_6.m4a,0
WhatsApp Audio 2025-11-14 at 18.45.13.opus,0
WhatsApp Audio 2025-11-14 at 18.41.50.opus,0
WhatsApp Audio 2025-11-14 at 18.42.40.opus,0
NJ_11.m4a,0
WhatsApp Audio 2025-11-14 at 18.44.28.opus,0
WhatsApp Audio 2025-11-14 at 18.41.10.opus,0
WhatsApp Audio 2025-11-14 at 16.58.25.opus,0
NJ_2.m4a,0
WhatsApp Audio 2025-11-14 at 21.53.02.opus,0
NJ_3.m4a,0
WhatsApp Audio 2025-11-14 at 21.56.40.opus,0
NJ_14.m4a,0
WhatsApp Audio 2025-11-14 at 18.43.01.opus,0
WhatsApp Audio 2025-11-14 at 18.45.08.opus,0
NJ_1.m4a,0
